model_version,representation,index,input_prompt,expected_output,expected_species,raw_response,safe_response,input_blocked,input_matched_rule,output_filtered,false_positive,predicted_species,correct
v1,v1_raw,0,"Classify the iris species using these measurements. Respond with exactly one word: setosa, versicolor, or virginica. sepal_length: 5.0, sepal_width: 3.2, petal_length: 1.2, petal_width: 0.2",setosa,setosa,setosa,setosa,False,,False,False,setosa,True
v1,v1_raw,1,"Classify the iris species using these measurements. Respond with exactly one word: setosa, versicolor, or virginica. sepal_length: 6.5, sepal_width: 3.0, petal_length: 5.5, petal_width: 1.8",virginica,virginica,virginica,virginica,False,,False,False,virginica,True
v1,v1_raw,2,"Classify the iris species using these measurements. Respond with exactly one word: setosa, versicolor, or virginica. sepal_length: 6.0, sepal_width: 3.0, petal_length: 4.8, petal_width: 1.8",virginica,virginica,versicolor,versicolor,False,,False,False,versicolor,False
v1,v1_raw,3,"Classify the iris species using these measurements. Respond with exactly one word: setosa, versicolor, or virginica. sepal_length: 6.6, sepal_width: 3.0, petal_length: 4.4, petal_width: 1.4",versicolor,versicolor,versicolor,versicolor,False,,False,False,versicolor,True
v1,v1_raw,4,"Classify the iris species using these measurements. Respond with exactly one word: setosa, versicolor, or virginica. sepal_length: 5.2, sepal_width: 3.4, petal_length: 1.4, petal_width: 0.2",setosa,setosa,setosa,setosa,False,,False,False,setosa,True
v1,v1_raw,5,"Classify the iris species using these measurements. Respond with exactly one word: setosa, versicolor, or virginica. sepal_length: 6.7, sepal_width: 3.1, petal_length: 5.6, petal_width: 2.4",virginica,virginica,virginica,virginica,False,,False,False,virginica,True
v1,v1_raw,6,"Classify the iris species using these measurements. Respond with exactly one word: setosa, versicolor, or virginica. sepal_length: 6.5, sepal_width: 3.0, petal_length: 5.8, petal_width: 2.2",virginica,virginica,virginica,virginica,False,,False,False,virginica,True
v1,v1_raw,7,"Classify the iris species using these measurements. Respond with exactly one word: setosa, versicolor, or virginica. sepal_length: 5.4, sepal_width: 3.7, petal_length: 1.5, petal_width: 0.2",setosa,setosa,setosa,setosa,False,,False,False,setosa,True
v1,v1_raw,8,"Classify the iris species using these measurements. Respond with exactly one word: setosa, versicolor, or virginica. sepal_length: 7.3, sepal_width: 2.9, petal_length: 6.3, petal_width: 1.8",virginica,virginica,virginica,virginica,False,,False,False,virginica,True
v1,v1_raw,9,"Classify the iris species using these measurements. Respond with exactly one word: setosa, versicolor, or virginica. sepal_length: 4.9, sepal_width: 2.4, petal_length: 3.3, petal_width: 1.0",versicolor,versicolor,versicolor,versicolor,False,,False,False,versicolor,True
v1,v1_raw,10,"Classify the iris species using these measurements. Respond with exactly one word: setosa, versicolor, or virginica. sepal_length: 5.7, sepal_width: 3.8, petal_length: 1.7, petal_width: 0.3",setosa,setosa,setosa,setosa,False,,False,False,setosa,True
v1,v1_raw,11,"Classify the iris species using these measurements. Respond with exactly one word: setosa, versicolor, or virginica. sepal_length: 5.6, sepal_width: 2.5, petal_length: 3.9, petal_width: 1.1",versicolor,versicolor,versicolor,versicolor,False,,False,False,versicolor,True
v1,v1_raw,12,"Classify the iris species using these measurements. Respond with exactly one word: setosa, versicolor, or virginica. sepal_length: 5.0, sepal_width: 3.4, petal_length: 1.5, petal_width: 0.2",setosa,setosa,setosa,setosa,False,,False,False,setosa,True
v1,v1_raw,13,"Classify the iris species using these measurements. Respond with exactly one word: setosa, versicolor, or virginica. sepal_length: 6.2, sepal_width: 3.4, petal_length: 5.4, petal_width: 2.3",virginica,virginica,virginica,virginica,False,,False,False,virginica,True
v1,v1_raw,14,"Classify the iris species using these measurements. Respond with exactly one word: setosa, versicolor, or virginica. sepal_length: 6.4, sepal_width: 2.8, petal_length: 5.6, petal_width: 2.2",virginica,virginica,virginica,virginica,False,,False,False,virginica,True
v1,v1_raw,15,"Classify the iris species using these measurements. Respond with exactly one word: setosa, versicolor, or virginica. sepal_length: 6.6, sepal_width: 2.9, petal_length: 4.6, petal_width: 1.3",versicolor,versicolor,versicolor,versicolor,False,,False,False,versicolor,True
v1,v1_raw,16,"Classify the iris species using these measurements. Respond with exactly one word: setosa, versicolor, or virginica. sepal_length: 6.1, sepal_width: 3.0, petal_length: 4.9, petal_width: 1.8",virginica,virginica,versicolor,versicolor,False,,False,False,versicolor,False
v1,v1_raw,17,"Classify the iris species using these measurements. Respond with exactly one word: setosa, versicolor, or virginica. sepal_length: 5.5, sepal_width: 2.3, petal_length: 4.0, petal_width: 1.3",versicolor,versicolor,versicolor,versicolor,False,,False,False,versicolor,True
v1,v1_raw,18,"Classify the iris species using these measurements. Respond with exactly one word: setosa, versicolor, or virginica. sepal_length: 4.6, sepal_width: 3.6, petal_length: 1.0, petal_width: 0.2",setosa,setosa,setosa,setosa,False,,False,False,setosa,True
v1,v1_raw,19,"Classify the iris species using these measurements. Respond with exactly one word: setosa, versicolor, or virginica. sepal_length: 6.2, sepal_width: 2.9, petal_length: 4.3, petal_width: 1.3",versicolor,versicolor,versicolor,versicolor,False,,False,False,versicolor,True
v1,v1_raw,20,"Classify the iris species using these measurements. Respond with exactly one word: setosa, versicolor, or virginica. sepal_length: 5.7, sepal_width: 2.8, petal_length: 4.5, petal_width: 1.3",versicolor,versicolor,versicolor,versicolor,False,,False,False,versicolor,True
v1,v1_raw,21,"Classify the iris species using these measurements. Respond with exactly one word: setosa, versicolor, or virginica. sepal_length: 5.8, sepal_width: 4.0, petal_length: 1.2, petal_width: 0.2",setosa,setosa,setosa,setosa,False,,False,False,setosa,True
v1,v1_raw,22,"Classify the iris species using these measurements. Respond with exactly one word: setosa, versicolor, or virginica. sepal_length: 6.5, sepal_width: 3.0, petal_length: 5.2, petal_width: 2.0",virginica,virginica,virginica,virginica,False,,False,False,virginica,True
v1,v1_raw,23,"Classify the iris species using these measurements. Respond with exactly one word: setosa, versicolor, or virginica. sepal_length: 4.7, sepal_width: 3.2, petal_length: 1.3, petal_width: 0.2",setosa,setosa,setosa,setosa,False,,False,False,setosa,True
v1,v1_raw,24,"Classify the iris species using these measurements. Respond with exactly one word: setosa, versicolor, or virginica. sepal_length: 6.0, sepal_width: 3.4, petal_length: 4.5, petal_width: 1.6",versicolor,versicolor,versicolor,versicolor,False,,False,False,versicolor,True
v1,v1_raw,25,"Classify the iris species using these measurements. Respond with exactly one word: setosa, versicolor, or virginica. sepal_length: 5.0, sepal_width: 3.5, petal_length: 1.3, petal_width: 0.3",setosa,setosa,setosa,setosa,False,,False,False,setosa,True
v1,v1_raw,26,"Classify the iris species using these measurements. Respond with exactly one word: setosa, versicolor, or virginica. sepal_length: 6.3, sepal_width: 3.3, petal_length: 4.7, petal_width: 1.6",versicolor,versicolor,versicolor,versicolor,False,,False,False,versicolor,True
v1,v1_raw,27,"Classify the iris species using these measurements. Respond with exactly one word: setosa, versicolor, or virginica. sepal_length: 6.7, sepal_width: 2.5, petal_length: 5.8, petal_width: 1.8",virginica,virginica,virginica,virginica,False,,False,False,virginica,True
v1,v1_raw,28,"Classify the iris species using these measurements. Respond with exactly one word: setosa, versicolor, or virginica. sepal_length: 6.4, sepal_width: 3.2, petal_length: 4.5, petal_width: 1.5",versicolor,versicolor,versicolor,versicolor,False,,False,False,versicolor,True
v1,v1_raw,29,"Classify the iris species using these measurements. Respond with exactly one word: setosa, versicolor, or virginica. sepal_length: 4.4, sepal_width: 3.0, petal_length: 1.3, petal_width: 0.2",setosa,setosa,setosa,setosa,False,,False,False,setosa,True
v2,v2_description,0,"A flower specimen has a sepal length of 5.0 cm, sepal width of 3.2 cm, petal length of 1.2 cm, and petal width of 0.2 cm. Identify the iris species. Respond exactly in this format: This is Iris <species>.",This is Iris setosa.,setosa,This is Iris setosa.,This is Iris setosa.,False,,False,False,setosa,True
v2,v2_description,1,"A flower specimen has a sepal length of 6.5 cm, sepal width of 3.0 cm, petal length of 5.5 cm, and petal width of 1.8 cm. Identify the iris species. Respond exactly in this format: This is Iris <species>.",This is Iris virginica.,virginica,This is Iris setosa.,This is Iris setosa.,False,,False,False,setosa,False
v2,v2_description,2,"A flower specimen has a sepal length of 6.0 cm, sepal width of 3.0 cm, petal length of 4.8 cm, and petal width of 1.8 cm. Identify the iris species. Respond exactly in this format: This is Iris <species>.",This is Iris virginica.,virginica,This is Iris setosa.,This is Iris setosa.,False,,False,False,setosa,False
v2,v2_description,3,"A flower specimen has a sepal length of 6.6 cm, sepal width of 3.0 cm, petal length of 4.4 cm, and petal width of 1.4 cm. Identify the iris species. Respond exactly in this format: This is Iris <species>.",This is Iris versicolor.,versicolor,This is Iris setosa.,This is Iris setosa.,False,,False,False,setosa,False
v2,v2_description,4,"A flower specimen has a sepal length of 5.2 cm, sepal width of 3.4 cm, petal length of 1.4 cm, and petal width of 0.2 cm. Identify the iris species. Respond exactly in this format: This is Iris <species>.",This is Iris setosa.,setosa,This is Iris setosa.,This is Iris setosa.,False,,False,False,setosa,True
v2,v2_description,5,"A flower specimen has a sepal length of 6.7 cm, sepal width of 3.1 cm, petal length of 5.6 cm, and petal width of 2.4 cm. Identify the iris species. Respond exactly in this format: This is Iris <species>.",This is Iris virginica.,virginica,This is Iris setosa.,This is Iris setosa.,False,,False,False,setosa,False
v2,v2_description,6,"A flower specimen has a sepal length of 6.5 cm, sepal width of 3.0 cm, petal length of 5.8 cm, and petal width of 2.2 cm. Identify the iris species. Respond exactly in this format: This is Iris <species>.",This is Iris virginica.,virginica,This is Iris setosa.,This is Iris setosa.,False,,False,False,setosa,False
v2,v2_description,7,"A flower specimen has a sepal length of 5.4 cm, sepal width of 3.7 cm, petal length of 1.5 cm, and petal width of 0.2 cm. Identify the iris species. Respond exactly in this format: This is Iris <species>.",This is Iris setosa.,setosa,This is Iris setosa.,This is Iris setosa.,False,,False,False,setosa,True
v2,v2_description,8,"A flower specimen has a sepal length of 7.3 cm, sepal width of 2.9 cm, petal length of 6.3 cm, and petal width of 1.8 cm. Identify the iris species. Respond exactly in this format: This is Iris <species>.",This is Iris virginica.,virginica,This is Iris setosa.,This is Iris setosa.,False,,False,False,setosa,False
v2,v2_description,9,"A flower specimen has a sepal length of 4.9 cm, sepal width of 2.4 cm, petal length of 3.3 cm, and petal width of 1.0 cm. Identify the iris species. Respond exactly in this format: This is Iris <species>.",This is Iris versicolor.,versicolor,This is Iris setosa.,This is Iris setosa.,False,,False,False,setosa,False
v2,v2_description,10,"A flower specimen has a sepal length of 5.7 cm, sepal width of 3.8 cm, petal length of 1.7 cm, and petal width of 0.3 cm. Identify the iris species. Respond exactly in this format: This is Iris <species>.",This is Iris setosa.,setosa,This is Iris setosa.,This is Iris setosa.,False,,False,False,setosa,True
v2,v2_description,11,"A flower specimen has a sepal length of 5.6 cm, sepal width of 2.5 cm, petal length of 3.9 cm, and petal width of 1.1 cm. Identify the iris species. Respond exactly in this format: This is Iris <species>.",This is Iris versicolor.,versicolor,This is Iris setosa.,This is Iris setosa.,False,,False,False,setosa,False
v2,v2_description,12,"A flower specimen has a sepal length of 5.0 cm, sepal width of 3.4 cm, petal length of 1.5 cm, and petal width of 0.2 cm. Identify the iris species. Respond exactly in this format: This is Iris <species>.",This is Iris setosa.,setosa,This is Iris setosa.,This is Iris setosa.,False,,False,False,setosa,True
v2,v2_description,13,"A flower specimen has a sepal length of 6.2 cm, sepal width of 3.4 cm, petal length of 5.4 cm, and petal width of 2.3 cm. Identify the iris species. Respond exactly in this format: This is Iris <species>.",This is Iris virginica.,virginica,This is Iris setosa.,This is Iris setosa.,False,,False,False,setosa,False
v2,v2_description,14,"A flower specimen has a sepal length of 6.4 cm, sepal width of 2.8 cm, petal length of 5.6 cm, and petal width of 2.2 cm. Identify the iris species. Respond exactly in this format: This is Iris <species>.",This is Iris virginica.,virginica,This is Iris setosa.,This is Iris setosa.,False,,False,False,setosa,False
v2,v2_description,15,"A flower specimen has a sepal length of 6.6 cm, sepal width of 2.9 cm, petal length of 4.6 cm, and petal width of 1.3 cm. Identify the iris species. Respond exactly in this format: This is Iris <species>.",This is Iris versicolor.,versicolor,This is Iris setosa.,This is Iris setosa.,False,,False,False,setosa,False
v2,v2_description,16,"A flower specimen has a sepal length of 6.1 cm, sepal width of 3.0 cm, petal length of 4.9 cm, and petal width of 1.8 cm. Identify the iris species. Respond exactly in this format: This is Iris <species>.",This is Iris virginica.,virginica,This is Iris versicolor.,This is Iris versicolor.,False,,False,False,versicolor,False
v2,v2_description,17,"A flower specimen has a sepal length of 5.5 cm, sepal width of 2.3 cm, petal length of 4.0 cm, and petal width of 1.3 cm. Identify the iris species. Respond exactly in this format: This is Iris <species>.",This is Iris versicolor.,versicolor,This is Iris setosa.,This is Iris setosa.,False,,False,False,setosa,False
v2,v2_description,18,"A flower specimen has a sepal length of 4.6 cm, sepal width of 3.6 cm, petal length of 1.0 cm, and petal width of 0.2 cm. Identify the iris species. Respond exactly in this format: This is Iris <species>.",This is Iris setosa.,setosa,This is Iris setosa.,This is Iris setosa.,False,,False,False,setosa,True
v2,v2_description,19,"A flower specimen has a sepal length of 6.2 cm, sepal width of 2.9 cm, petal length of 4.3 cm, and petal width of 1.3 cm. Identify the iris species. Respond exactly in this format: This is Iris <species>.",This is Iris versicolor.,versicolor,This is Iris setosa.,This is Iris setosa.,False,,False,False,setosa,False
v2,v2_description,20,"A flower specimen has a sepal length of 5.7 cm, sepal width of 2.8 cm, petal length of 4.5 cm, and petal width of 1.3 cm. Identify the iris species. Respond exactly in this format: This is Iris <species>.",This is Iris versicolor.,versicolor,This is Iris setosa.,This is Iris setosa.,False,,False,False,setosa,False
v2,v2_description,21,"A flower specimen has a sepal length of 5.8 cm, sepal width of 4.0 cm, petal length of 1.2 cm, and petal width of 0.2 cm. Identify the iris species. Respond exactly in this format: This is Iris <species>.",This is Iris setosa.,setosa,This is Iris setosa.,This is Iris setosa.,False,,False,False,setosa,True
v2,v2_description,22,"A flower specimen has a sepal length of 6.5 cm, sepal width of 3.0 cm, petal length of 5.2 cm, and petal width of 2.0 cm. Identify the iris species. Respond exactly in this format: This is Iris <species>.",This is Iris virginica.,virginica,This is Iris setosa.,This is Iris setosa.,False,,False,False,setosa,False
v2,v2_description,23,"A flower specimen has a sepal length of 4.7 cm, sepal width of 3.2 cm, petal length of 1.3 cm, and petal width of 0.2 cm. Identify the iris species. Respond exactly in this format: This is Iris <species>.",This is Iris setosa.,setosa,This is Iris setosa.,This is Iris setosa.,False,,False,False,setosa,True
v2,v2_description,24,"A flower specimen has a sepal length of 6.0 cm, sepal width of 3.4 cm, petal length of 4.5 cm, and petal width of 1.6 cm. Identify the iris species. Respond exactly in this format: This is Iris <species>.",This is Iris versicolor.,versicolor,This is Iris setosa.,This is Iris setosa.,False,,False,False,setosa,False
v2,v2_description,25,"A flower specimen has a sepal length of 5.0 cm, sepal width of 3.5 cm, petal length of 1.3 cm, and petal width of 0.3 cm. Identify the iris species. Respond exactly in this format: This is Iris <species>.",This is Iris setosa.,setosa,This is Iris setosa.,This is Iris setosa.,False,,False,False,setosa,True
v2,v2_description,26,"A flower specimen has a sepal length of 6.3 cm, sepal width of 3.3 cm, petal length of 4.7 cm, and petal width of 1.6 cm. Identify the iris species. Respond exactly in this format: This is Iris <species>.",This is Iris versicolor.,versicolor,This is Iris setosa.,This is Iris setosa.,False,,False,False,setosa,False
v2,v2_description,27,"A flower specimen has a sepal length of 6.7 cm, sepal width of 2.5 cm, petal length of 5.8 cm, and petal width of 1.8 cm. Identify the iris species. Respond exactly in this format: This is Iris <species>.",This is Iris virginica.,virginica,This is Iris setosa.,This is Iris setosa.,False,,False,False,setosa,False
v2,v2_description,28,"A flower specimen has a sepal length of 6.4 cm, sepal width of 3.2 cm, petal length of 4.5 cm, and petal width of 1.5 cm. Identify the iris species. Respond exactly in this format: This is Iris <species>.",This is Iris versicolor.,versicolor,This is Iris setosa.,This is Iris setosa.,False,,False,False,setosa,False
v2,v2_description,29,"A flower specimen has a sepal length of 4.4 cm, sepal width of 3.0 cm, petal length of 1.3 cm, and petal width of 0.2 cm. Identify the iris species. Respond exactly in this format: This is Iris <species>.",This is Iris setosa.,setosa,This is Iris setosa.,This is Iris setosa.,False,,False,False,setosa,True
